Ticker,Name
005935,삼성전자우
051910,LG화학
066570,LG전자
003550,LG
011170,롯데케미칼
112610,씨에스윈드
051915,LG화학우
000990,DB하이텍
000880,한화
108320,LX세미콘
298020,효성티앤씨
161000,애경케미칼
006405,삼성SDI우
074610,이엔플러스
005010,휴스틸
000050,경방
011500,한농화성
024900,덕양산업
007860,서연
003555,LG우
055490,테이팩스
002600,조흥
145210,다이나믹디자인
000885,한화우
004415,서울식품우
215000,골프존
319660,피에스케이
073570,리튬포어스
228670,레이
060720,KH바텍
290670,대보마그네틱
041830,인바디
126340,비나텍
005160,동국산업
016790,카나리아바이오
088390,이녹스
131400,이브이첨단소재
161580,필옵틱스
027710,팜스토리
273640,와이엠텍
078350,한양디지텍
148150,세경하이테크
900290,GRT
239890,피엔에이치테크
159010,아스플로
382480,지아이텍
127980,화인써키트
294140,레몬
218150,미래생명자원
147830,제룡산업
217730,강스템바이오텍
067390,아스트
052860,아이앤씨
192390,윈하이텍
023790,동일철강
161570,THE MIDONG
439410,엔에이치스팩26호
440820,엔에이치스팩27호
